{
    "Test10":{
        "SERVER":"sqlinvestmentstest.database.windows.net",
        "DATABASE":"TaxManagement",
        "PORT":"1433",
        "USERNAME":"Paritosh.Sharma@assetmark.com",
        "PASSWORD":"Welcome208319!"
    },
    "Test11":{
        "SERVER":"sqlinvestmentstest.database.windows.net",
        "DATABASE":"TaxManagementT11",
        "PORT":"1433",
        "USERNAME":"Paritosh.Sharma@assetmark.com",
        "PASSWORD":"Welcome208319!"
    },
    "Test12":{
        "SERVER":"sqlinvestmentstest.database.windows.net",
        "DATABASE":"TaxManagementT12",
        "PORT":"1433",
        "USERNAME":"Paritosh.Sharma@assetmark.com",
        "PASSWORD":"Welcome208319!"
    },
    "Dev11":{
        "SERVER":"sqlinvestmentsdev.database.windows.net",
        "DATABASE":"TaxManagement",
        "PORT":"1433",
        "USERNAME":"Paritosh.Sharma@assetmark.com",
        "PASSWORD":"Welcome208319!"
    },
    "Dev12":{
        "SERVER":"sqlinvestmentsdev.database.windows.net",
        "DATABASE":"TaxManagementD12",
        "PORT":"1433",
        "USERNAME":"Paritosh.Sharma@assetmark.com",
        "PASSWORD":"Welcome208319!"
    },
    "Dev13":{
        "SERVER":"sqlinvestmentsdev.database.windows.net",
        "DATABASE":"TaxManagementD13",
        "PORT":"1433",
        "USERNAME":"Paritosh.Sharma@assetmark.com",
        "PASSWORD":"Welcome208319!"
    }
}