{
    "ADD_SETTING" : {
        "C165674" : {
            "FederalLongTermTaxRate": [
                "'Federal Long Term Tax Rate' must be greater than or equal to '0'."
            ],
            "FederalShortTermTaxRate": [
                "'Federal Short Term Tax Rate' must be greater than or equal to '0'."
            ],
            "StateTaxRate": [
                "'State Tax Rate' must be greater than or equal to '0'."
            ],
            "CashRestriction": [
                "'Cash Restriction' must be greater than '0'."
            ],
            "TaxSensitivity": [
                "The specified value was not met for 'TaxSensitivity' must be equal to 'VeryHigh' or 'High' or 'Medium' or 'Low'."
            ],
            "SecurityRestrictions[0].Cusip": [
                "The length of 'Cusip' must be 12 characters or fewer. You entered 14 characters.",
                "Security Identifier Must Be Alphanumeric"
            ],
            "SectorRestrictions[0].GicsSubIndustryCode": [
                "'Gics Sub Industry Code' must be 8 characters in length. You entered 16 characters.",
                "GicsSubIndustryCode must be numeric"
            ],
            "LongTermRealizedGainBudgetAmount": [
                "'Long Term Realized Gain Budget Amount' must be greater than or equal to '1000'."
            ],
            "ShortTermRealizedGainBudgetAmount": [
                "'Short Term Realized Gain Budget Amount' must be greater than or equal to '0'."
            ]
        },
        "C165675" : {
            "FederalLongTermTaxRate": [
                "'Federal Long Term Tax Rate' must be less than '1'."
            ],
            "FederalShortTermTaxRate": [
                "'Federal Short Term Tax Rate' must be less than '1'."
            ],
            "StateTaxRate": [
                "'State Tax Rate' must be less than '1'."
            ]
        },
        "C165710" : {
            "SectorRestrictions": [
                "Duplicate GicsSubIndustryCode"
            ],
            "SecurityRestrictions": [
                "Duplicate Cusip Security Restrictions"
            ]
        }
    },
    "ADD_HOLDING" : {
        "C165925" : {
            "x[0].SecurityIdentifier": [
                "The length of 'Security Identifier' must be 12 characters or fewer. You entered 14 characters.",
                "Security Identifier Must Be Alphanumeric"
            ],
            "x[0].Quantity": [
                "'Quantity' must be greater than '0'."
            ],
            "x[0].CostBasis": [
                "'Cost Basis' must be greater than or equal to '0'."
            ],
            "x[0].PurchaseDate": [
                "PurchaseDate must be less than or equal to current date."
            ],
            "x[0].ProxySecurityIdentifier": [
                "The length of 'Proxy Security Identifier' must be 12 characters or fewer. You entered 14 characters.",
                "Proxy Security Identifier Must Be Alphanumeric"
            ]
        },
        "C172359" : {
            "x[0].ProxySecurityIdentifier": [
                "'Proxy Security Identifier' must be empty."
            ]
        },
        "C172492":{
            "x[0].ProxySecurityIdentifier": [
                "'Proxy Security Identifier' must not be empty.",
                "Proxy Security Identifier Must Be Alphanumeric"
            ]
        },
        "C172360":{
            "x[0].ProxySecurityIdentifier": [
                "'Proxy Security Identifier' must not be empty."
            ]
        },
        "C172491":{
            "x[0].SecurityIdentifier": [
            "'Security Identifier' must not be empty.",
            "Security Identifier Must Be Alphanumeric"
        ],
            "x[0].ProxySecurityIdentifier": [
            "'Proxy Security Identifier' must be empty."
        ]
        },
        "C172493":{
            "x[0].SecurityIdentifier": [
                "'Security Identifier' must not be empty.",
                "Security Identifier Must Be Alphanumeric"
            ],
            "x[0].ProxySecurityIdentifier": [
                "'Proxy Security Identifier' must not be empty.",
                "Proxy Security Identifier Must Be Alphanumeric"
            ]
        },
        "C172494":{
            "x[0].SecurityIdentifier": [
                "The length of 'Security Identifier' must be 12 characters or fewer. You entered 16 characters.",
                "Security Identifier Must Be Alphanumeric"
            ]
        },
        "C172495":{
            "x[0].ProxySecurityIdentifier": [
                "The length of 'Proxy Security Identifier' must be 12 characters or fewer. You entered 16 characters.",
                "Proxy Security Identifier Must Be Alphanumeric"
            ]
        },
        "C166442":{
            "": [
                "More than one ProxySecurityIdentifiers for a single Security Identifier"
            ]
        },
        "C172363":{
            "x[0].PurchaseDate": [
                "Both PurchaseDate and Term cannot be empty."
            ]
        },
        "C172364":{
            "x[0].PurchaseDate": [
                "Please provide only one property from PurchaseDate or Term."
            ]
        },
        "C172367":{
            "x[0].Term": [
                "The specified value was not met for 'Term'.'Term' must be equal to 'shortTerm' or 'longTerm'"
            ]
        }
}
}