{
    "Test10":{
        "SERVER":"sqlinvestmentstest.database.windows.net",
        "DATABASE":"TaxManagement",
        "PORT":"1433",
        "USERNAME":"svct_tms_svc1",
        "PASSWORD":"vF^*JW$fBNrOoMJ5i9sy"
    },
    "Test11":{
        "SERVER":"sqlinvestmentstest.database.windows.net",
        "DATABASE":"TaxManagementT11",
        "PORT":"1433",
        "USERNAME":"svct_tms_svc1",
        "PASSWORD":"vF^*JW$fBNrOoMJ5i9sy"
    },
    "Test12":{
        "SERVER":"sqlinvestmentstest.database.windows.net",
        "DATABASE":"TaxManagementT12",
        "PORT":"1433",
        "USERNAME":"svct_tms_svc1",
        "PASSWORD":"vF^*JW$fBNrOoMJ5i9sy"
    },
    "Dev11":{
        "SERVER":"sqlinvestmentsdev.database.windows.net",
        "DATABASE":"TaxManagement",
        "PORT":"1433",
        "USERNAME":"svcd_tms_svc1",
        "PASSWORD":"Welcome208319!"
    },
    "Dev12":{
        "SERVER":"sqlinvestmentsdev.database.windows.net",
        "DATABASE":"TaxManagementD12",
        "PORT":"1433",
        "USERNAME":"svcd_tms_svc1",
        "PASSWORD":"q8U#4WHd8dJWbm7V%O6!"
    },
    "Dev13":{
        "SERVER":"sqlinvestmentsdev.database.windows.net",
        "DATABASE":"TaxManagementD13",
        "PORT":"1433",
        "USERNAME":"svcd_tms_svc1",
        "PASSWORD":"q8U#4WHd8dJWbm7V%O6!"
    }
}