{
  "portfolioValue": 148594.88999999998,
  "proxiedPositionsCusips": [],
  "proposedFutureStates": [
    {
      "taxSensitivity": "TRADE_TO_MODEL",
      "predictedTrackingError": 0.0005210700793495697,
      "transitionAmountDollar": 2122.649068,
      "transitionAmountPercentage": 0.01428480527156755,
      "netRealizedLongTermGainLoss": 56.343222770738166,
      "netRealizedShortTermGainLoss": 27.22385969242106,
      "estimatedTaxAmount": 14.440732547943357,
      "detail": {
        "positions": [
          {
            "identifiers": {
              "cusip": "46434G103",
              "clientId": "46434G103"
            },
            "marketValue": 3523.02,
            "notionalMarketValue": 3523.02,
            "quantity": 71.0,
            "posInfo": {
              "sleeve": "BLANK"
            }
          },
          {
            "identifiers": {
              "cusip": "46434V613",
              "clientId": "46434V613"
            },
            "marketValue": 41441.28,
            "notionalMarketValue": 41441.28,
            "quantity": 912.0,
            "posInfo": {
              "sleeve": "BLANK"
            }
          },
          {
            "identifiers": {
              "cusip": "46435G326",
              "clientId": "46435G326"
            },
            "marketValue": 9206.64,
            "notionalMarketValue": 9206.64,
            "quantity": 152.0,
            "posInfo": {
              "sleeve": "BLANK"
            }
          },
          {
            "identifiers": {
              "cusip": "46645V329",
              "clientId": "46645V329"
            },
            "marketValue": 10401.117417,
            "notionalMarketValue": 10401.117417,
            "quantity": 671.9068343723295,
            "posInfo": {
              "sleeve": "BLANK"
            }
          },
          {
            "identifiers": {
              "cusip": "63872T729",
              "clientId": "63872T729"
            },
            "marketValue": 7429.673515,
            "notionalMarketValue": 7429.673515,
            "quantity": 764.3696521607308,
            "posInfo": {
              "sleeve": "BLANK"
            }
          },
          {
            "identifiers": {
              "cusip": "678335ZR",
              "clientId": "678335ZR"
            },
            "marketValue": 3504.229068,
            "notionalMarketValue": 3504.229068,
            "quantity": 3504.229068,
            "posInfo": {
              "sleeve": "BLANK"
            }
          },
          {
            "identifiers": {
              "cusip": "808524870",
              "clientId": "808524870"
            },
            "marketValue": 3984.68,
            "notionalMarketValue": 3984.68,
            "quantity": 76.0,
            "posInfo": {
              "sleeve": "BLANK"
            }
          },
          {
            "identifiers": {
              "cusip": "92203J407",
              "clientId": "92203J407"
            },
            "marketValue": 39203.04,
            "notionalMarketValue": 39203.04,
            "quantity": 804.0,
            "posInfo": {
              "sleeve": "BLANK"
            }
          },
          {
            "identifiers": {
              "cusip": "92206C870",
              "clientId": "92206C870"
            },
            "marketValue": 11093.880000000001,
            "notionalMarketValue": 11093.880000000001,
            "quantity": 141.0,
            "posInfo": {
              "sleeve": "BLANK"
            }
          },
          {
            "identifiers": {
              "cusip": "922908363",
              "clientId": "922908363"
            },
            "marketValue": 15149.08,
            "notionalMarketValue": 15149.08,
            "quantity": 38.0,
            "posInfo": {
              "sleeve": "BLANK"
            }
          },
          {
            "identifiers": {
              "cusip": "922908652",
              "clientId": "922908652"
            },
            "marketValue": 3658.25,
            "notionalMarketValue": 3658.25,
            "quantity": 25.0,
            "posInfo": {
              "sleeve": "BLANK"
            }
          }
        ],
        "changes": [
          {
            "positionIdentifiers": {
              "cusip": "46434G103",
              "clientId": "46434G103"
            },
            "direction": "SELL",
            "quantity": -2.0,
            "marketValue": -99.24000000000002,
            "notionalMarketValue": -99.24000000000002
          },
          {
            "positionIdentifiers": {
              "cusip": "46434V613",
              "clientId": "46434V613"
            },
            "direction": "BUY",
            "quantity": 13.0,
            "marketValue": 590.72,
            "notionalMarketValue": 590.72
          },
          {
            "positionIdentifiers": {
              "cusip": "46435G326",
              "clientId": "46435G326"
            },
            "direction": "BUY",
            "quantity": 1.0,
            "marketValue": 60.57,
            "notionalMarketValue": 60.57
          },
          {
            "positionIdentifiers": {
              "cusip": "46645V329",
              "clientId": "46645V329"
            },
            "direction": "SELL",
            "quantity": -37.0731656276705,
            "marketValue": -573.892583,
            "notionalMarketValue": -573.892583
          },
          {
            "positionIdentifiers": {
              "cusip": "63872T729",
              "clientId": "63872T729"
            },
            "direction": "SELL",
            "quantity": -36.98934783926933,
            "marketValue": -359.536485,
            "notionalMarketValue": -359.536485
          },
          {
            "positionIdentifiers": {
              "cusip": "678335ZR",
              "clientId": "678335ZR"
            },
            "direction": "BUY",
            "quantity": 1212.809068,
            "marketValue": 1212.809068,
            "notionalMarketValue": 1212.809068
          },
          {
            "positionIdentifiers": {
              "cusip": "808524870",
              "clientId": "808524870"
            },
            "direction": "BUY",
            "quantity": 1.0,
            "marketValue": 52.43,
            "notionalMarketValue": 52.43
          },
          {
            "positionIdentifiers": {
              "cusip": "92203J407",
              "clientId": "92203J407"
            },
            "direction": "BUY",
            "quantity": 1.0,
            "marketValue": 48.76,
            "notionalMarketValue": 48.76
          },
          {
            "positionIdentifiers": {
              "cusip": "92206C870",
              "clientId": "92206C870"
            },
            "direction": "BUY",
            "quantity": 2.0,
            "marketValue": 157.36,
            "notionalMarketValue": 157.36
          },
          {
            "positionIdentifiers": {
              "cusip": "922908363",
              "clientId": "922908363"
            },
            "direction": "SELL",
            "quantity": -2.0,
            "marketValue": -797.3199999999999,
            "notionalMarketValue": -797.3199999999999
          },
          {
            "positionIdentifiers": {
              "cusip": "922908652",
              "clientId": "922908652"
            },
            "direction": "SELL",
            "quantity": -2.0,
            "marketValue": -292.65999999999997,
            "notionalMarketValue": -292.65999999999997
          }
        ],
        "analytics": {
          "taxAnalytics": {
            "realizedShortTerm": {
              "gain": 46.45999999999981,
              "loss": -19.23614030757875,
              "net": 27.22385969242106
            },
            "realizedLongTerm": {
              "gain": 56.343222770738166,
              "loss": 0.0,
              "net": 56.343222770738166
            },
            "unrealizedShortTerm": {
              "gain": 80.36895585206905,
              "loss": -68.45563767207832,
              "net": 11.913318179990725
            },
            "unrealizedLongTerm": {
              "gain": 5360.797821377192,
              "loss": -16540.518222020346,
              "net": -11179.720400643153
            }
          },
          "assetAllocations": [
            {
              "assetClassDescription": "Asset Class",
              "sectors": [
                {
                  "sectorDescription": "Equity",
                  "sectorWeight": 0.21223468720896127
                },
                {
                  "sectorDescription": "Fixed Income",
                  "sectorWeight": 0.6441868896030005
                },
                {
                  "sectorDescription": "Allocation",
                  "sectorWeight": 0.0
                },
                {
                  "sectorDescription": "Alternative",
                  "sectorWeight": 0.11999598998323563
                },
                {
                  "sectorDescription": "Cash",
                  "sectorWeight": 0.02358243320480267
                },
                {
                  "sectorDescription": "Annuities",
                  "sectorWeight": 0.0
                },
                {
                  "sectorDescription": "Structured Product",
                  "sectorWeight": 0.0
                },
                {
                  "sectorDescription": "Other",
                  "sectorWeight": 0.0
                },
                {
                  "sectorDescription": "Unknown",
                  "sectorWeight": 0.0
                }
              ]
            },
            {
              "assetClassDescription": "Asset Type",
              "sectors": [
                {
                  "sectorDescription": "Stock",
                  "sectorWeight": 0.0
                },
                {
                  "sectorDescription": "Bond",
                  "sectorWeight": 0.0
                },
                {
                  "sectorDescription": "Fund",
                  "sectorWeight": 0.9764175667951974
                },
                {
                  "sectorDescription": "Index",
                  "sectorWeight": 0.0
                },
                {
                  "sectorDescription": "Cash",
                  "sectorWeight": 0.02358243320480267
                },
                {
                  "sectorDescription": "SMA",
                  "sectorWeight": 0.0
                },
                {
                  "sectorDescription": "Structured Product",
                  "sectorWeight": 0.0
                },
                {
                  "sectorDescription": "Other",
                  "sectorWeight": 0.0
                },
                {
                  "sectorDescription": "Unknown",
                  "sectorWeight": 0.0
                }
              ]
            },
            {
              "assetClassDescription": "Cash Allocation",
              "sectors": [
                {
                  "sectorDescription": "Y",
                  "sectorWeight": 0.02358243320480267
                },
                {
                  "sectorDescription": "N",
                  "sectorWeight": 0.9764175667951974
                },
                {
                  "sectorDescription": "Unknown",
                  "sectorWeight": 0.0
                }
              ]
            },
            {
              "assetClassDescription": "Asset Allocation",
              "sectors": [
                {
                  "sectorDescription": "Equity",
                  "sectorWeight": 0.2799192355647957
                },
                {
                  "sectorDescription": "Fixed Income",
                  "sectorWeight": 0.6258991477188852
                },
                {
                  "sectorDescription": "Cash",
                  "sectorWeight": 0.09149827059826822
                },
                {
                  "sectorDescription": "Other",
                  "sectorWeight": 0.002692375005987757
                },
                {
                  "sectorDescription": "Unknown",
                  "sectorWeight": -9.028887936859741e-06
                }
              ]
            }
          ]
        }
      },
      "proposalId": "9107e147-1823-486e-9730-7e98cd35da50"
    }
  ],
  "currentState": {
    "predictedTrackingError": 0.0011600700608780533,
    "detail": {
      "positions": [
        {
          "identifiers": {
            "cusip": "46434G103",
            "clientId": "46434G103"
          },
          "marketValue": 3622.26,
          "notionalMarketValue": 3622.26,
          "quantity": 73.0
        },
        {
          "identifiers": {
            "cusip": "46434V613",
            "clientId": "46434V613"
          },
          "marketValue": 40850.56,
          "notionalMarketValue": 40850.56,
          "quantity": 899.0
        },
        {
          "identifiers": {
            "cusip": "46435G326",
            "clientId": "46435G326"
          },
          "marketValue": 9146.07,
          "notionalMarketValue": 9146.07,
          "quantity": 151.0
        },
        {
          "identifiers": {
            "cusip": "46645V329",
            "clientId": "46645V329"
          },
          "marketValue": 10975.01,
          "notionalMarketValue": 10975.01,
          "quantity": 708.98
        },
        {
          "identifiers": {
            "cusip": "63872T729",
            "clientId": "63872T729"
          },
          "marketValue": 7789.21,
          "notionalMarketValue": 7789.21,
          "quantity": 801.359
        },
        {
          "identifiers": {
            "cusip": "678335ZR",
            "clientId": "678335ZR"
          },
          "marketValue": 2291.42,
          "notionalMarketValue": 2291.42,
          "quantity": 2291.42
        },
        {
          "identifiers": {
            "cusip": "808524870",
            "clientId": "808524870"
          },
          "marketValue": 3932.25,
          "notionalMarketValue": 3932.25,
          "quantity": 75.0
        },
        {
          "identifiers": {
            "cusip": "92203J407",
            "clientId": "92203J407"
          },
          "marketValue": 39154.28,
          "notionalMarketValue": 39154.28,
          "quantity": 803.0
        },
        {
          "identifiers": {
            "cusip": "92206C870",
            "clientId": "92206C870"
          },
          "marketValue": 10936.52,
          "notionalMarketValue": 10936.52,
          "quantity": 139.0
        },
        {
          "identifiers": {
            "cusip": "922908363",
            "clientId": "922908363"
          },
          "marketValue": 15946.4,
          "notionalMarketValue": 15946.4,
          "quantity": 40.0
        },
        {
          "identifiers": {
            "cusip": "922908652",
            "clientId": "922908652"
          },
          "marketValue": 3950.91,
          "notionalMarketValue": 3950.91,
          "quantity": 27.0
        }
      ],
      "analytics": {
        "taxAnalytics": {
          "unrealizedShortTerm": {
            "gain": 126.82895585206886,
            "loss": -87.69177797965708,
            "net": 39.13717787241178
          },
          "unrealizedLongTerm": {
            "gain": 5417.14104414793,
            "loss": -16540.518222020346,
            "net": -11123.377177872415
          }
        },
        "assetAllocations": [
          {
            "assetClassDescription": "Asset Class",
            "sectors": [
              {
                "sectorDescription": "Equity",
                "sectorWeight": 0.2198301704722148
              },
              {
                "sectorDescription": "Fixed Income",
                "sectorWeight": 0.6384715517471699
              },
              {
                "sectorDescription": "Allocation",
                "sectorWeight": 0.0
              },
              {
                "sectorDescription": "Alternative",
                "sectorWeight": 0.12627769366766248
              },
              {
                "sectorDescription": "Cash",
                "sectorWeight": 0.01542058411295301
              },
              {
                "sectorDescription": "Annuities",
                "sectorWeight": 0.0
              },
              {
                "sectorDescription": "Structured Product",
                "sectorWeight": 0.0
              },
              {
                "sectorDescription": "Other",
                "sectorWeight": 0.0
              },
              {
                "sectorDescription": "Unknown",
                "sectorWeight": 0.0
              }
            ]
          },
          {
            "assetClassDescription": "Asset Type",
            "sectors": [
              {
                "sectorDescription": "Stock",
                "sectorWeight": 0.0
              },
              {
                "sectorDescription": "Bond",
                "sectorWeight": 0.0
              },
              {
                "sectorDescription": "Fund",
                "sectorWeight": 0.9845794158870472
              },
              {
                "sectorDescription": "Index",
                "sectorWeight": 0.0
              },
              {
                "sectorDescription": "Cash",
                "sectorWeight": 0.01542058411295301
              },
              {
                "sectorDescription": "SMA",
                "sectorWeight": 0.0
              },
              {
                "sectorDescription": "Structured Product",
                "sectorWeight": 0.0
              },
              {
                "sectorDescription": "Other",
                "sectorWeight": 0.0
              },
              {
                "sectorDescription": "Unknown",
                "sectorWeight": 0.0
              }
            ]
          },
          {
            "assetClassDescription": "Cash Allocation",
            "sectors": [
              {
                "sectorDescription": "Y",
                "sectorWeight": 0.01542058411295301
              },
              {
                "sectorDescription": "N",
                "sectorWeight": 0.9845794158870472
              },
              {
                "sectorDescription": "Unknown",
                "sectorWeight": 0.0
              }
            ]
          },
          {
            "assetClassDescription": "Asset Allocation",
            "sectors": [
              {
                "sectorDescription": "Equity",
                "sectorWeight": 0.29126867602243933
              },
              {
                "sectorDescription": "Fixed Income",
                "sectorWeight": 0.6203899436986023
              },
              {
                "sectorDescription": "Cash",
                "sectorWeight": 0.08554784879883824
              },
              {
                "sectorDescription": "Other",
                "sectorWeight": 0.002802639088060162
              },
              {
                "sectorDescription": "Unknown",
                "sectorWeight": -9.107607939950022e-06
              }
            ]
          }
        ]
      }
    }
  }
}