{
    "reason": "TRADE_TO_MODEL",
    "aggregate": {
        "id": "AB8415",
        "tag": "AGGREGATE",
        "currency": "USD",
        "benchmark": {
            "id": "ASTDS1",
            "currency": "USD",
            "components": [
                {
                    "id": "bench_678335ZR",
                    "identifiers": {
                        "clientId": "678335ZR"
                    },
                    "weight": 0.02
                },
                {
                    "id": "bench_46434G103",
                    "identifiers": {
                        "clientId": "46434G103"
                    },
                    "weight": 0.024
                },
                {
                    "id": "bench_922908652",
                    "identifiers": {
                        "clientId": "922908652"
                    },
                    "weight": 0.025
                },
                {
                    "id": "bench_808524870",
                    "identifiers": {
                        "clientId": "808524870"
                    },
                    "weight": 0.027000000000000003
                },
                {
                    "id": "bench_63872T729",
                    "identifiers": {
                        "clientId": "63872T729"
                    },
                    "weight": 0.05
                },
                {
                    "id": "bench_46435G326",
                    "identifiers": {
                        "clientId": "46435G326"
                    },
                    "weight": 0.062
                },
                {
                    "id": "bench_46645V329",
                    "identifiers": {
                        "clientId": "46645V329"
                    },
                    "weight": 0.07
                },
                {
                    "id": "bench_92206C870",
                    "identifiers": {
                        "clientId": "92206C870"
                    },
                    "weight": 0.075
                },
                {
                    "id": "bench_922908363",
                    "identifiers": {
                        "clientId": "922908363"
                    },
                    "weight": 0.10400000000000001
                },
                {
                    "id": "bench_92203J407",
                    "identifiers": {
                        "clientId": "92203J407"
                    },
                    "weight": 0.264
                },
                {
                    "id": "bench_46434V613",
                    "identifiers": {
                        "clientId": "46434V613"
                    },
                    "weight": 0.27899999999999997
                }
            ]
        },
        "portfolios": [
            {
                "id": "AB8415",
                "currency": "USD",
                "positions": [
                    {
                        "id": "46434G103_BLANK",
                        "identifiers": {
                            "clientId": "46434G103",
                            "cusip": "46434G103"
                        },
                        "posInfo": {
                            "SLEEVE_ID": "BLANK"
                        },
                        "quantity": 73.0,
                        "marketValue": 3622.26
                    },
                    {
                        "id": "46434V613_BLANK",
                        "identifiers": {
                            "clientId": "46434V613",
                            "cusip": "46434V613"
                        },
                        "posInfo": {
                            "SLEEVE_ID": "BLANK"
                        },
                        "quantity": 899.0,
                        "marketValue": 40850.56
                    },
                    {
                        "id": "46435G326_BLANK",
                        "identifiers": {
                            "clientId": "46435G326",
                            "cusip": "46435G326"
                        },
                        "posInfo": {
                            "SLEEVE_ID": "BLANK"
                        },
                        "quantity": 151.0,
                        "marketValue": 9146.07
                    },
                    {
                        "id": "46645V329_BLANK",
                        "identifiers": {
                            "clientId": "46645V329",
                            "cusip": "46645V329"
                        },
                        "posInfo": {
                            "SLEEVE_ID": "BLANK"
                        },
                        "quantity": 708.98,
                        "marketValue": 10975.01
                    },
                    {
                        "id": "63872T729_BLANK",
                        "identifiers": {
                            "clientId": "63872T729",
                            "cusip": "63872T729"
                        },
                        "posInfo": {
                            "SLEEVE_ID": "BLANK"
                        },
                        "quantity": 801.359,
                        "marketValue": 7789.21
                    },
                    {
                        "id": "678335ZR_BLANK",
                        "identifiers": {
                            "clientId": "678335ZR",
                            "cusip": "678335ZR"
                        },
                        "posInfo": {
                            "SLEEVE_ID": "BLANK"
                        },
                        "quantity": 2291.42,
                        "marketValue": 2291.42
                    },
                    {
                        "id": "808524870_BLANK",
                        "identifiers": {
                            "clientId": "808524870",
                            "cusip": "808524870"
                        },
                        "posInfo": {
                            "SLEEVE_ID": "BLANK"
                        },
                        "quantity": 75.0,
                        "marketValue": 3932.25
                    },
                    {
                        "id": "92203J407_BLANK",
                        "identifiers": {
                            "clientId": "92203J407",
                            "cusip": "92203J407"
                        },
                        "posInfo": {
                            "SLEEVE_ID": "BLANK"
                        },
                        "quantity": 803.0,
                        "marketValue": 39154.28
                    },
                    {
                        "id": "92206C870_BLANK",
                        "identifiers": {
                            "clientId": "92206C870",
                            "cusip": "92206C870"
                        },
                        "posInfo": {
                            "SLEEVE_ID": "BLANK"
                        },
                        "quantity": 139.0,
                        "marketValue": 10936.52
                    },
                    {
                        "id": "922908363_BLANK",
                        "identifiers": {
                            "clientId": "922908363",
                            "cusip": "922908363"
                        },
                        "posInfo": {
                            "SLEEVE_ID": "BLANK"
                        },
                        "quantity": 40.0,
                        "marketValue": 15946.4
                    },
                    {
                        "id": "922908652_BLANK",
                        "identifiers": {
                            "clientId": "922908652",
                            "cusip": "922908652"
                        },
                        "posInfo": {
                            "SLEEVE_ID": "BLANK"
                        },
                        "quantity": 27.0,
                        "marketValue": 3950.91
                    }
                ],
                "openLots": [
                    {
                        "id": "BLANK_1",
                        "positionId": "46434G103_BLANK",
                        "purchaseDate": "2023-04-04",
                        "quantity": 6.0,
                        "costBasis": 293.59
                    },
                    {
                        "id": "BLANK_10",
                        "positionId": "63872T729_BLANK",
                        "purchaseDate": "2023-01-03",
                        "quantity": 52.115,
                        "costBasis": 533.66
                    },
                    {
                        "id": "BLANK_11",
                        "positionId": "63872T729_BLANK",
                        "purchaseDate": "2023-01-03",
                        "quantity": 105.106,
                        "costBasis": 1076.29
                    },
                    {
                        "id": "BLANK_12",
                        "positionId": "63872T729_BLANK",
                        "purchaseDate": "2020-09-08",
                        "quantity": 644.138,
                        "costBasis": 6409.17
                    },
                    {
                        "id": "BLANK_13",
                        "positionId": "808524870_BLANK",
                        "purchaseDate": "2022-04-01",
                        "quantity": 2.0,
                        "costBasis": 120.63
                    },
                    {
                        "id": "BLANK_14",
                        "positionId": "808524870_BLANK",
                        "purchaseDate": "2020-06-10",
                        "quantity": 73.0,
                        "costBasis": 4341.16
                    },
                    {
                        "id": "BLANK_15",
                        "positionId": "92203J407_BLANK",
                        "purchaseDate": "2022-04-01",
                        "quantity": 39.0,
                        "costBasis": 2040.82
                    },
                    {
                        "id": "BLANK_16",
                        "positionId": "92203J407_BLANK",
                        "purchaseDate": "2020-06-10",
                        "quantity": 652.0,
                        "costBasis": 37382.66
                    },
                    {
                        "id": "BLANK_17",
                        "positionId": "92203J407_BLANK",
                        "purchaseDate": "2020-09-08",
                        "quantity": 7.0,
                        "costBasis": 406.04
                    },
                    {
                        "id": "BLANK_18",
                        "positionId": "92203J407_BLANK",
                        "purchaseDate": "2021-03-19",
                        "quantity": 105.0,
                        "costBasis": 5995.3
                    },
                    {
                        "id": "BLANK_19",
                        "positionId": "92206C870_BLANK",
                        "purchaseDate": "2022-04-01",
                        "quantity": 14.0,
                        "costBasis": 1201.22
                    },
                    {
                        "id": "BLANK_2",
                        "positionId": "46434G103_BLANK",
                        "purchaseDate": "2020-06-10",
                        "quantity": 67.0,
                        "costBasis": 3304.1
                    },
                    {
                        "id": "BLANK_20",
                        "positionId": "92206C870_BLANK",
                        "purchaseDate": "2023-04-04",
                        "quantity": 3.0,
                        "costBasis": 241.97
                    },
                    {
                        "id": "BLANK_21",
                        "positionId": "92206C870_BLANK",
                        "purchaseDate": "2020-06-10",
                        "quantity": 122.0,
                        "costBasis": 11523.51
                    },
                    {
                        "id": "BLANK_22",
                        "positionId": "922908363_BLANK",
                        "purchaseDate": "2023-04-04",
                        "quantity": 5.0,
                        "costBasis": 1877.15
                    },
                    {
                        "id": "BLANK_23",
                        "positionId": "922908363_BLANK",
                        "purchaseDate": "2020-06-10",
                        "quantity": 35.0,
                        "costBasis": 10373.06
                    },
                    {
                        "id": "BLANK_24",
                        "positionId": "922908652_BLANK",
                        "purchaseDate": "2020-06-10",
                        "quantity": 27.0,
                        "costBasis": 3308.63
                    },
                    {
                        "id": "BLANK_3",
                        "positionId": "46434V613_BLANK",
                        "purchaseDate": "2022-04-01",
                        "quantity": 97.0,
                        "costBasis": 4800.47
                    },
                    {
                        "id": "BLANK_4",
                        "positionId": "46434V613_BLANK",
                        "purchaseDate": "2020-06-10",
                        "quantity": 706.0,
                        "costBasis": 38152.24
                    },
                    {
                        "id": "BLANK_5",
                        "positionId": "46434V613_BLANK",
                        "purchaseDate": "2020-09-08",
                        "quantity": 8.0,
                        "costBasis": 435.52
                    },
                    {
                        "id": "BLANK_6",
                        "positionId": "46434V613_BLANK",
                        "purchaseDate": "2021-03-19",
                        "quantity": 88.0,
                        "costBasis": 4630.37
                    },
                    {
                        "id": "BLANK_7",
                        "positionId": "46435G326_BLANK",
                        "purchaseDate": "2020-06-10",
                        "quantity": 151.0,
                        "costBasis": 8126.06
                    },
                    {
                        "id": "BLANK_8",
                        "positionId": "46645V329_BLANK",
                        "purchaseDate": "2022-12-14",
                        "quantity": 7.352,
                        "costBasis": 107.26
                    },
                    {
                        "id": "BLANK_9",
                        "positionId": "46645V329_BLANK",
                        "purchaseDate": "2021-03-19",
                        "quantity": 701.628,
                        "costBasis": 10706.83
                    }
                ],
                "benchmark": {
                    "id": "ASTDS1",
                    "currency": "USD",
                    "components": [
                        {
                            "id": "bench_678335ZR",
                            "identifiers": {
                                "clientId": "678335ZR"
                            },
                            "weight": 0.02
                        },
                        {
                            "id": "bench_46434G103",
                            "identifiers": {
                                "clientId": "46434G103"
                            },
                            "weight": 0.024
                        },
                        {
                            "id": "bench_922908652",
                            "identifiers": {
                                "clientId": "922908652"
                            },
                            "weight": 0.025
                        },
                        {
                            "id": "bench_808524870",
                            "identifiers": {
                                "clientId": "808524870"
                            },
                            "weight": 0.027000000000000003
                        },
                        {
                            "id": "bench_63872T729",
                            "identifiers": {
                                "clientId": "63872T729"
                            },
                            "weight": 0.05
                        },
                        {
                            "id": "bench_46435G326",
                            "identifiers": {
                                "clientId": "46435G326"
                            },
                            "weight": 0.062
                        },
                        {
                            "id": "bench_46645V329",
                            "identifiers": {
                                "clientId": "46645V329"
                            },
                            "weight": 0.07
                        },
                        {
                            "id": "bench_92206C870",
                            "identifiers": {
                                "clientId": "92206C870"
                            },
                            "weight": 0.075
                        },
                        {
                            "id": "bench_922908363",
                            "identifiers": {
                                "clientId": "922908363"
                            },
                            "weight": 0.10400000000000001
                        },
                        {
                            "id": "bench_92203J407",
                            "identifiers": {
                                "clientId": "92203J407"
                            },
                            "weight": 0.264
                        },
                        {
                            "id": "bench_46434V613",
                            "identifiers": {
                                "clientId": "46434V613"
                            },
                            "weight": 0.27899999999999997
                        }
                    ]
                },
                "metadata": {
                    "DISPOSAL_METHOD_MF": "specific_lot",
                    "ACCOUNT_TYPE": "taxable",
                    "LONG_TERM_TAX_RATE": 15.0,
                    "SHORT_TERM_TAX_RATE": 22.0,
                    "STATE_TAX_RATE": 0.0
                }
            }
        ]
    }
}